name,dft_pbe,pred
mp-505346,0.368400007,0.513794899
mp-1197938,2.932899952,0.57108736
mp-773200,2.551199913,0.724519253
mp-1099263,0.603699982,0.735168934
mp-756785,1.740100026,0.752875328
mp-1032067,0.609000027,0.89067173
mp-1099225,1.586500049,0.963944435
mp-773604,1.020900011,1.125961542
mp-756335,1.176699996,1.224453211
mp-7560,5.310400009,1.2502563
mp-1179277,0.46360001,1.266797304
mp-1033642,0.723100007,1.281937838
mp-1036995,1.458699942,1.298987627
mp-1179220,1.404199958,1.367724657
mp-1177472,2.843400002,1.417379141
mp-1039913,1.931300044,1.47464776
mp-1098202,1.872900009,1.487004519
mp-1099221,0.935599983,1.496054888
mp-1035053,0.190599993,1.517027855
mp-1036968,0.951399982,1.523383141
mp-1039794,4.107900143,1.525625467
mp-768705,1.730800033,1.570158005
mp-1040003,1.073099971,1.582068205
mp-1039849,2.298300028,1.595198154
mp-1184546,2.73300004,1.603280306
mp-1038483,1.047899961,1.614875317
mp-1040205,4.023099899,1.621663809
mp-1035864,1.006700039,1.622663021
mp-1038455,2.14260006,1.624144316
mp-1040315,2.268699884,1.628256798
mp-1036398,0.5546,1.631011248
mp-1039625,3.373699903,1.638703346
mp-1039998,2.171799898,1.639822245
mp-1039855,2.390799999,1.648136854
mp-16457,3.316200018,1.648623943
mp-1034626,3.805900097,1.651723146
mp-1040297,0.310400009,1.654932976
mp-1039824,2.927400112,1.657092571
mp-772424,2.430700064,1.661062241
mp-1039672,3.848999977,1.662480831
mp-1098484,2.504300117,1.663594484
mp-1039762,0.828999996,1.672174931
mp-1098533,1.696499944,1.684065342
mp-1038188,2.229300022,1.684206247
mp-1033557,1.68659997,1.690805197
mp-1038485,0.787800014,1.700490952
mp-779261,3.305500031,1.706212997
mp-1039838,1.848399997,1.706853151
mp-1040125,2.330600023,1.708184958
mp-1098422,2.399600029,1.712201118
mp-1040099,4.250899792,1.715885639
mp-1038412,0.796700001,1.720592499
mp-1037433,1.524600029,1.724706411
mp-1037955,2.485199928,1.72488904
mp-1196201,0.141299993,1.725342274
mp-1098541,2.933199883,1.727097511
mp-1035758,1.56190002,1.730042934
mp-1040287,1.939599991,1.730761051
mp-1040207,2.549200058,1.73774004
mp-540879,0.483099997,1.757518291
mp-1037198,2.037899971,1.759892941
mp-1098613,1.403800011,1.761067629
mp-1039931,2.586199999,1.774119139
mp-1040080,3.033900023,1.778216362
mp-1038513,0.178800002,1.782674074
mp-1099260,0.147499993,1.785647631
mp-1040196,4.02670002,1.790557861
mp-1038543,1.03550005,1.791178226
mp-1039895,2.676700115,1.799724817
mp-1098739,0.450500011,1.801879644
mp-1037420,0.380400002,1.803412676
mp-1039725,1.743199944,1.807908058
mp-1038427,2.14199996,1.808057308
mp-1039674,3.694400072,1.810239315
mp-1038364,0.501299977,1.813625574
mp-1038428,1.930699944,1.817958355
mp-1040308,0.453799993,1.820524693
mp-1036399,0.709699988,1.839522839
mp-19348,2.855700016,1.84148407
mp-1033632,1.225999951,1.84346652
mp-1035823,2.524600029,1.850258112
mp-1035836,1.542999983,1.856332064
mp-1039876,0.748700023,1.858363628
mp-1039775,4.150899887,1.858404875
mp-1040135,4.250699997,1.913882256
mp-1035858,0.559800029,1.914487362
mp-1031931,0.179299995,1.922368765
mp-1040077,1.933599949,1.922377825
mp-9844,4.645500183,1.92982769
mp-778474,1.183899999,1.938207388
mp-1037887,0.348500013,1.940943718
mp-1035582,1.849400043,1.947335482
mp-1034177,0.459399998,1.972773075
mp-1035680,2.424299955,2.00155592
mp-1035344,1.950399995,2.025225163
mp-17268,0.659300029,2.04419589
mp-18595,0.776799977,2.065413713
mp-754861,1.827200055,2.071126461
mp-18735,2.183500051,2.082897902
mp-759763,3.441299915,2.094926357
mp-1034374,1.746399999,2.102614403
mp-997588,3.509599924,2.103505373
mp-1031160,2.348599911,2.10817194
mp-19468,3.114900112,2.119030952
mp-1030730,3.535900116,2.122253418
mp-1035090,3.842900038,2.137803078
mp-561550,0.868399978,2.183514118
mp-768885,2.733099937,2.212908983
mp-704577,2.751899958,2.244446278
mp-19465,3.11680007,2.256037951
mp-771822,0.444299996,2.273852587
mp-768669,3.037800074,2.274173737
mp-680724,5.845900059,2.292601824
mp-1030755,1.874799967,2.298082113
mp-768913,2.262000084,2.324666739
mp-1031151,3.871000051,2.348309994
mp-769033,2.115999937,2.356107712
mp-1215644,1.981899977,2.369343519
mp-770506,1.445799947,2.383898973
mp-1032987,0.317000002,2.391993284
mp-1212632,1.168300033,2.396444559
mp-772429,2.842200041,2.402086258
mp-774231,2.784199953,2.405550957
mp-1211486,4.269299984,2.434693098
mp-19489,3.112200022,2.441230774
mp-1031258,2.577800035,2.452233553
mp-651008,0.327499986,2.452424049
mp-1180429,0.148599997,2.488066435
mp-19475,3.111399889,2.49247241
mp-772588,1.940099955,2.494383812
mp-4710,2.612499952,2.501745462
mp-770151,2.371799946,2.507088661
mp-554873,3.265300035,2.522004843
mp-1225359,0.271100014,2.592843533
mp-770370,1.238800049,2.605496645
mp-556514,2.599900007,2.610786676
mp-754097,2.582400084,2.615070581
mp-1183052,0.800199986,2.623298645
mp-559057,3.409300089,2.631443262
mp-549308,2.840600014,2.648642063
mp-756186,2.178600073,2.654849768
mp-1201604,1.282299995,2.675017834
mp-558963,3.103100061,2.706679106
mp-556014,4.160699844,2.721081495
mp-29155,4.230500221,2.731462002
mp-754347,1.42869997,2.737222195
mp-1200391,3.46329999,2.782463312
mp-19495,3.112099886,2.809005022
mp-1215311,1.478700042,2.811036348
mp-21522,1.848799944,2.845059156
mp-1247866,2.92869997,2.875464916
mp-560129,3.790299892,2.892347574
mp-554053,3.745300055,2.898833752
mp-11183,5.397699833,2.901357174
mp-761857,3.009599924,2.907058716
mp-1191101,4.384799957,2.91425705
mp-559104,4.990399837,2.916358948
mp-561949,2.2427001,2.930901289
mp-1197916,3.766799927,2.944495678
mp-6499,4.400800228,2.949181557
mp-560100,0.106299996,2.956508875
mp-1223205,4.150400162,2.987852812
mp-861504,4.65929985,2.989405632
mp-1196034,4.751100063,2.99731636
mp-21600,2.734200001,3.00829649
mp-1213761,2.563499928,3.018512249
mp-22223,1.023800015,3.035311222
mp-772433,2.238600016,3.038900614
mp-1210472,3.733500004,3.045250416
mp-1207451,0.32159999,3.059882641
mp-7492,4.026400089,3.060052156
mp-12233,4.660200119,3.062083006
mp-556695,3.848500013,3.068768978
mp-1207977,1.566400051,3.084557295
mp-779311,2.979799986,3.090173244
mp-504752,0.932699978,3.091671467
mp-770381,0.681100011,3.091905117
mp-28641,4.818600178,3.105710983
mp-1098281,1.067199945,3.110933781
mp-10814,4.369999886,3.114868641
mp-1204782,0.846300006,3.118888378
mp-1177802,2.018599987,3.144497395
mp-770361,1.48150003,3.148336411
mp-1177958,2.797499895,3.165267706
mp-554562,0.116899997,3.17333889
mp-1226691,0.118699998,3.179058552
mp-770709,2.386100054,3.207014561
mp-18946,1.798300028,3.210743904
mp-554657,4.090000153,3.221144438
mp-756511,2.536600113,3.225948811
mp-16872,3.667099953,3.229367733
mp-558805,3.765300035,3.23913002
mp-1020181,4.751299858,3.244853973
mp-1218946,0.236100003,3.24515295
mp-1197562,5.110899925,3.245528221
mp-768794,3.395200014,3.246529102
mp-756194,5.06400013,3.249890804
mp-1225149,2.650899887,3.251840115
mp-775842,2.048000097,3.258241177
mp-1198031,3.789700031,3.259749413
mp-770764,3.038899899,3.260120392
mp-20302,1.054800034,3.26191926
mp-766463,4.370100021,3.263568878
mp-752621,3.082799911,3.268200636
mp-768869,2.29550004,3.270574093
mp-583646,3.06069994,3.27166152
mp-779305,2.680799961,3.276733875
mp-679997,3.583600044,3.289597273
mp-759766,1.887599945,3.294652939
mp-557235,3.486299992,3.299977541
mp-555880,2.536799908,3.313829899
mp-773117,4.411499977,3.331017971
mp-17323,0.769900024,3.336290598
mp-559186,3.555099964,3.34863162
mp-768665,1.846300006,3.353471756
mp-559803,1.160400033,3.37016201
mp-768756,3.585000038,3.371356726
mp-686689,4.341400146,3.376498699
mp-1190897,3.078200102,3.37949872
mp-1211144,4.491300106,3.388655186
mp-556808,3.377300024,3.391191483
mp-761256,1.409500003,3.392027378
mp-13827,6.065700054,3.39349699
mp-1196425,4.719299793,3.401015759
mp-760248,1.130800009,3.405786991
mp-1221451,4.261700153,3.420657635
mp-566717,1.118800044,3.435062647
mp-1195799,2.442399979,3.43529892
mp-764874,1.566499949,3.435321331
mp-1214877,3.346100092,3.436697483
mp-1221428,4.34469986,3.438308001
mp-13603,3.987699986,3.439765453
mp-1196909,1.285599947,3.44559145
mp-13500,4.774700165,3.446352005
mp-759792,3.103399992,3.448849916
mp-6760,4.010300159,3.44921422
mp-754763,2.689500093,3.451080561
mp-10080,3.997699976,3.454802036
mp-966801,5.328000069,3.458373308
mp-764741,1.30309999,3.459689617
mp-6331,4.370100021,3.462861538
mp-1176730,1.653900027,3.465664625
mp-561237,5.040100098,3.467542171
mp-1176759,1.631999969,3.476820469
mp-13772,4.708300114,3.477571011
mp-764620,1.691599965,3.479533195
mp-1219308,3.058500051,3.482005358
mp-849704,1.475700021,3.482675791
mp-764904,1.979200006,3.484194756
mp-761230,1.22239995,3.485971689
mp-1210364,4.240799904,3.48656559
mp-1221313,2.484299898,3.4872365
mp-761265,1.479599953,3.490203381
mp-578723,0.751100004,3.491251945
mp-505076,3.494400024,3.496335268
mp-1211079,4.710000038,3.496417522
mp-559590,3.988699913,3.496660709
mp-768989,0.935500026,3.497571945
mp-1217661,4.507800102,3.500348091
mp-764524,1.397500038,3.504199028
mp-1191148,0.125499994,3.507403851
mp-766625,0.606700003,3.51036644
mp-29205,5.167200089,3.511753082
mp-557371,3.170599937,3.514536858
mp-581285,2.914000034,3.515007734
mp-759950,1.404299974,3.517279625
mp-849952,1.686400056,3.520018101
mp-752868,1.273300052,3.520995855
mp-849690,1.727100015,3.522214413
mp-1176725,1.871999979,3.524821758
mp-1222841,4.28429985,3.525312424
mp-764612,1.377900004,3.525549889
mp-1198316,2.759500027,3.525848389
mp-849622,1.69509995,3.527395248
mp-9660,0.490500003,3.530510426
mp-764505,1.892400026,3.532492161
mp-764566,1.239400029,3.535631657
mp-761255,1.331400037,3.53734684
mp-1177649,1.391700029,3.539113998
mp-764508,1.73150003,3.542487621
mp-761195,1.444800019,3.544662952
mp-1210634,1.865700006,3.54684186
mp-768856,0.396100014,3.548374653
mp-752449,4.481699944,3.549004078
mp-849720,1.653300047,3.552680016
mp-560158,4.264800072,3.552807808
mp-6652,2.819200039,3.5535357
mp-31250,3.021500111,3.554761648
mp-555102,3.676300049,3.554788828
mp-760275,1.775699973,3.556450605
mp-757684,1.611600041,3.558619499
mp-775187,1.358299971,3.559384823
mp-760352,1.543300033,3.561458111
mp-764525,1.362900019,3.561966896
mp-773205,1.018000007,3.564790249
mp-764535,1.454699993,3.564983368
mp-1177659,1.653399944,3.56642437
mp-764672,1.455500007,3.566500664
mp-764815,1.743000031,3.567362309
mp-1176728,1.265900016,3.568373203
mp-759585,1.697100043,3.56837368
mp-764621,1.495900035,3.569194794
mp-761206,1.245000005,3.570484638
mp-760324,1.506600022,3.570753336
mp-554041,4.342199802,3.571611166
mp-758274,1.486500025,3.571855545
mp-759466,1.248700023,3.57364893
mp-761234,1.683300018,3.573827744
mp-764938,1.725600004,3.574780703
mp-764512,1.440999985,3.575836658
mp-761212,1.515300035,3.576348305
mp-560463,3.737900019,3.57735014
mp-764478,1.393700004,3.57741642
mp-764518,1.394000053,3.57779789
mp-849708,1.717900038,3.578118086
mp-761241,1.640200019,3.578980446
mp-767427,1.457700014,3.579934359
mp-768289,2.63499999,3.582376242
mp-18806,3.046200037,3.583546162
mp-774421,1.699000001,3.588740349
mp-849612,1.554100037,3.589067936
mp-849620,1.713600039,3.589903355
mp-764702,1.592599988,3.590215445
mp-759902,1.470199943,3.590825558
mp-558828,2.33769989,3.594244003
mp-761201,1.47329998,3.596271515
mp-17395,0.7755,3.597010612
mp-1194874,3.754100084,3.597062111
mp-1176612,2.526499987,3.597135305
mp-759895,1.430400014,3.597749233
mp-759167,1.449100018,3.598123074
mp-775238,1.458400011,3.598228455
mp-761214,1.494500041,3.598423004
mp-849747,1.729300022,3.598486423
mp-761225,1.798200011,3.598735094
mp-779571,3.819600105,3.599209309
mp-1180867,0.424899995,3.599552393
mp-557711,2.381000042,3.600184441
mp-776909,1.469699979,3.600195169
mp-22774,1.78760004,3.600810528
mp-1177681,1.462900043,3.601216555
mp-1176443,0.907700002,3.60144639
mp-6267,4.176199913,3.604658127
mp-764513,1.66869998,3.606035709
mp-849295,0.571099997,3.606431007
mp-764971,1.523100019,3.606615067
mp-768312,2.528100014,3.606777191
mp-23356,2.835400105,3.607130051
mp-764885,1.266299963,3.609463215
mp-761215,1.569800019,3.611050367
mp-777347,1.652899981,3.611868858
mp-17620,2.358599901,3.612112999
mp-849617,1.583600044,3.61245966
mp-764723,1.366999984,3.613143206
mp-761224,1.761199951,3.613479376
mp-764799,1.762899995,3.614273787
mp-849619,1.633000016,3.614452839
mp-761221,1.434100032,3.617541552
mp-761235,1.544100046,3.619795322
mp-764941,1.520499945,3.620079517
mp-764506,1.40320003,3.621417999
mp-760257,1.431100011,3.622313499
mp-849742,1.266600013,3.623260498
mp-759397,1.557500005,3.623827457
mp-1194638,1.79519999,3.625637531
mp-779091,1.172999978,3.626475334
mp-764847,1.341400027,3.628304958
mp-758730,1.487599969,3.630054474
mp-756046,2.636399984,3.632621288
mp-778884,2.624200106,3.633063555
mp-764514,1.587900043,3.637457371
mp-758915,1.263900042,3.63752389
mp-1019894,4.137700081,3.639433861
mp-557974,3.481100082,3.639919281
mp-756045,2.510999918,3.640110254
mp-764651,1.652899981,3.641120911
mp-16585,2.583400011,3.641891479
mp-759371,1.525200009,3.643388987
mp-759768,1.336699963,3.644311905
mp-761277,1.674100041,3.644839764
mp-774381,1.774199963,3.646108627
mp-1197930,2.600899935,3.647888422
mp-764796,1.637300014,3.651774883
mp-764738,1.715600014,3.651997328
mp-759474,1.464400053,3.654508591
mp-758691,1.388599992,3.654571056
mp-759387,1.498200059,3.657959461
mp-755757,2.363600016,3.659849167
mp-770354,0.733099997,3.660415649
mp-759622,1.60529995,3.666194439
mp-760284,1.822000027,3.668778896
mp-757752,0.452699989,3.669836998
mp-764652,1.222599983,3.67169857
mp-761213,1.407400012,3.672028542
mp-764547,1.630300045,3.674425602
mp-768290,2.345200062,3.67523241
mp-1104249,0.2227,3.676218987
mp-760281,1.677600026,3.676687479
mp-753903,0.505800009,3.677546501
mp-761231,1.675300002,3.678412437
mp-764679,1.691100001,3.68076086
mp-764559,1.803799987,3.680860043
mp-761207,1.561800003,3.682406425
mp-761244,1.713600039,3.682538509
mp-760227,1.940299988,3.683000565
mp-1223448,0.183799997,3.683753014
mp-753072,1.974400043,3.685368299
mp-764722,1.414800048,3.686903477
mp-1210692,2.073800087,3.68711853
mp-764624,1.789299965,3.688245296
mp-761192,1.73239994,3.688855886
mp-768284,3.763999939,3.689673901
mp-764589,1.751700044,3.690174818
mp-557406,5.2572999,3.690534592
mp-849590,1.885599971,3.693425179
mp-759537,1.61469996,3.693912983
mp-761253,1.5546,3.695940495
mp-759237,0.961899996,3.696702003
mp-1192091,1.617699981,3.700129986
mp-772724,2.375799894,3.702408314
mp-756526,0.224700004,3.702915192
mp-774994,1.620399952,3.703908682
mp-760280,1.25909996,3.704091072
mp-849589,1.534199953,3.704826832
mp-759860,1.21570003,3.704995632
mp-764519,1.563500047,3.709227562
mp-761278,1.657500029,3.710419178
mp-764573,1.671200037,3.711604595
mp-772440,1.202399969,3.711893559
mp-764643,1.514999986,3.712369919
mp-764465,1.608399987,3.713220596
mp-758705,0.799099982,3.713335991
mp-759159,1.297600031,3.713615894
mp-761226,1.670099974,3.715702772
mp-1196847,3.006799936,3.717431784
mp-551135,0.491899997,3.718355417
mp-760243,1.473700047,3.718782425
mp-758860,1.376299977,3.721461773
mp-22225,0.172000006,3.725325584
mp-764587,1.466199994,3.728576422
mp-754063,1.328199983,3.729037523
mp-760254,1.363499999,3.729058743
mp-1182657,0.373899996,3.73029232
mp-761243,1.509500027,3.731534004
mp-775976,2.379499912,3.731900454
mp-6062,5.35529995,3.733261824
mp-764891,1.478999972,3.733849525
mp-764720,1.801800013,3.738467932
mp-754950,2.607700109,3.73978281
mp-757792,1.283400059,3.740173817
mp-31369,2.82859993,3.740232706
mp-768774,3.504699945,3.741428375
mp-555104,4.342199802,3.742463112
mp-1222637,3.246400118,3.744138718
mp-764528,1.47179997,3.744490147
mp-557744,1.915099978,3.745726585
mp-764552,1.745000005,3.747534752
mp-759239,1.57949996,3.748744011
mp-761242,1.227599978,3.752794743
mp-775280,1.459599972,3.753733635
mp-760310,1.448799968,3.754833698
mp-764507,1.404000044,3.75606823
mp-680122,5.185800076,3.757549047
mp-775322,1.493700027,3.760073185
mp-849632,1.593000054,3.763392925
mp-1216100,5.079100132,3.765357733
mp-18551,1.601999998,3.765750885
mp-777343,1.581200004,3.770710468
mp-768868,2.27699995,3.771788836
mp-764798,1.437399983,3.774720192
mp-760268,1.419100046,3.781135082
mp-761194,1.493899941,3.781435251
mp-556532,5.380199909,3.786695004
mp-770487,0.479699999,3.787031651
mp-8216,4.501200199,3.78708601
mp-1202687,0.153600007,3.791472435
mp-764932,1.270799994,3.794569731
mp-761198,1.420400023,3.803076982
mp-559949,2.717499971,3.803261518
mp-775269,1.846400023,3.804136276
mp-755260,2.433399916,3.80461216
mp-1177118,1.463999987,3.805248022
mp-770368,0.707599998,3.807717323
mp-1104448,3.442399979,3.812753201
mp-1207444,2.736099958,3.813632488
mp-1094074,3.068099976,3.815622807
mp-764542,1.287700057,3.816001892
mp-764654,1.387099981,3.816992283
mp-761222,1.644099951,3.817512751
mp-20376,0.194499999,3.81753397
mp-764459,1.889099956,3.820471287
mp-760195,1.683099985,3.823082209
mp-759129,1.390499949,3.824572563
mp-770358,1.075000048,3.825008392
mp-761227,1.346899986,3.827473402
mp-777373,1.378600001,3.829683304
mp-761209,1.343899965,3.831576347
mp-28943,0.551900029,3.832752705
mp-766603,0.852199972,3.835347652
mp-760279,1.360299945,3.837845802
mp-756664,2.897300005,3.83888793
mp-761202,1.822700024,3.842062473
mp-764502,1.692899942,3.843386173
mp-764554,1.307800055,3.844032288
mp-772565,1.881500006,3.847210884
mp-766660,0.797299981,3.848090649
mp-768789,3.080199957,3.84858799
mp-761211,1.646999955,3.851290703
mp-19333,3.424599886,3.858150005
mp-7210,2.464699984,3.861629486
mp-1195626,3.253200054,3.867081165
mp-614628,4.426799774,3.868133545
mp-4658,4.543600082,3.871331692
mp-772573,1.28670001,3.874185324
mp-1200882,3.151400089,3.876262188
mp-1216022,5.41960001,3.876487255
mp-770382,1.055400014,3.881762266
mp-1191636,1.647099972,3.88996172
mp-768280,5.408400059,3.890582561
mp-1225574,4.538199902,3.891011238
mp-1212105,5.639800072,3.894638538
mp-1204298,0.206499994,3.900174856
mp-13516,5.694099903,3.902182579
mp-760484,4.501299858,3.905128956
mp-8056,6.020299911,3.905801773
mp-754325,1.512899995,3.906219959
mp-757269,1.284700036,3.9164536
mp-1211607,4.513500214,3.917333603
mp-764888,1.359200001,3.919095039
mp-556226,5.240699768,3.919250488
mp-1097025,1.886299968,3.919317245
mp-19957,4.010700226,3.920083284
mp-1215822,1.234599948,3.920223713
mp-778494,2.831500053,3.921678543
mp-1223419,0.32280001,3.92237854
mp-753697,2.771500111,3.926495075
mp-777445,1.673200011,3.928780556
mp-777774,2.847899914,3.930811882
mp-780440,3.138099909,3.932163715
mp-779877,2.797699928,3.933486462
mp-758961,1.315899968,3.934092999
mp-774349,2.836999893,3.934224606
mp-867738,2.555999994,3.934791565
mp-779784,2.863600016,3.937513351
mp-770155,1.296599984,3.940015316
mp-680683,5.451399803,3.943143368
mp-774324,2.847899914,3.944229126
mp-542300,5.447800159,3.946949244
mp-849701,1.714699984,3.954328537
mp-770154,1.067899942,3.954549313
mp-774366,2.713000059,3.955980301
mp-558323,2.809600115,3.957383633
mp-777520,2.822999954,3.959039927
mp-1212827,5.583499908,3.959102631
mp-779627,2.837899923,3.959395409
mp-778009,2.44569993,3.959967613
mp-1208341,5.377900124,3.960219622
mp-761220,1.522899985,3.962311745
mp-768821,2.922600031,3.96323657
mp-555150,3.613300085,3.963927269
mp-776601,3.19569993,3.967609882
mp-779011,2.860100031,3.969093323
mp-766637,1.600499988,3.975307465
mp-774348,2.82859993,3.975351334
mp-561447,4.999700069,3.977243423
mp-6419,5.664500237,3.980922461
mp-752646,2.443799973,3.98734951
mp-559706,3.16140008,3.991497278
mp-1019554,5.007599831,3.992164612
mp-780474,2.842099905,3.992946148
mp-764896,1.15929997,3.99360466
mp-6660,3.648699999,3.996901035
mp-779446,2.793299913,4.004665375
mp-1224320,4.493800163,4.005310059
mp-755332,2.778399944,4.006664276
mp-777431,2.803100109,4.012737274
mp-754445,2.792999983,4.013673782
mp-778723,2.775500059,4.016301155
mp-849710,1.429299951,4.016889095
mp-778203,3.15989995,4.020936966
mp-779057,2.123600006,4.026856899
mp-1106277,5.674399853,4.028090477
mp-6803,4.540800095,4.028316498
mp-1177897,2.8125,4.029363155
mp-778821,2.773799896,4.033614159
mp-756421,3.242399931,4.034348965
mp-778756,2.223799944,4.036642075
mp-755204,3.149399996,4.0382514
mp-778493,2.664900064,4.040110111
mp-1176890,1.689599991,4.045401096
mp-774373,2.747999907,4.045760155
mp-1096865,2.624700069,4.047470093
mp-771154,1.569599986,4.048350334
mp-768740,2.137099981,4.050686836
mp-1196758,3.753499985,4.051591873
mp-778271,2.758899927,4.051767826
mp-774173,3.116100073,4.054934978
mp-559364,3.644999981,4.058407307
mp-780297,2.658200026,4.061947823
mp-775261,2.719199896,4.06196928
mp-775258,3.466200113,4.062776089
mp-752710,2.14289999,4.063449383
mp-756503,3.780600071,4.063671112
mp-774393,2.709700108,4.06428051
mp-779890,2.722800016,4.065664291
mp-559927,0.867900014,4.069072723
mp-850260,3.477600098,4.069190979
mp-1208321,5.555699825,4.071095467
mp-6709,4.137000084,4.071202278
mp-778755,3.122800112,4.071424007
mp-775281,2.720400095,4.071853161
mp-14555,4.376200199,4.072563648
mp-768944,2.11500001,4.073449135
mp-1194753,2.333400011,4.07392168
mp-696416,5.277999878,4.074881077
mp-555489,4.665100098,4.078661919
mp-754903,5.453400135,4.080815315
mp-777049,3.161099911,4.08119297
mp-777815,2.710799932,4.084859371
mp-776428,3.277199984,4.084903717
mp-770663,2.334199905,4.088391781
mp-778994,3.158600092,4.091169357
mp-780294,2.646600008,4.091405392
mp-752427,3.138099909,4.09273243
mp-778202,2.684099913,4.093186855
mp-510535,5.896999836,4.093419075
mp-759292,0.556599975,4.102639675
mp-542833,2.696799994,4.103074074
mp-15541,5.136199951,4.10363245
mp-780497,2.6796,4.10529232
mp-774378,2.633699894,4.112677097
mp-1214854,0.433899999,4.113021851
mp-1227808,3.6256001,4.113967896
mp-780483,2.639400005,4.117463112
mp-780977,3.112299919,4.118052959
mp-754791,2.650899887,4.120256424
mp-1019555,5.218500137,4.122542381
mp-779888,2.659600019,4.124905586
mp-779006,2.648099899,4.125750542
mp-766960,1.016299963,4.127080441
mp-779418,2.683500051,4.129371643
mp-1176642,0.793500006,4.129913807
mp-556804,5.068600178,4.132127285
mp-779087,2.647200108,4.138768673
mp-778859,2.627099991,4.139131546
mp-850362,3.161600113,4.140650749
mp-771295,2.916199923,4.143975258
mp-554240,4.086999893,4.14454174
mp-560801,2.876899958,4.147364616
mp-1020160,4.222099781,4.147746563
mp-850228,2.61500001,4.152262211
mp-1200300,3.900700092,4.153725147
mp-774303,2.611599922,4.154270649
mp-774370,2.613199949,4.15470314
mp-768910,0.181899995,4.15636158
mp-783910,3.238199949,4.156491756
mp-778476,2.609999895,4.156816006
mp-774362,2.609699965,4.157494545
mp-777802,3.156500101,4.159945488
mp-779905,2.654299974,4.163186073
mp-768715,3.928600073,4.1662817
mp-778754,3.172600031,4.169216156
mp-779072,3.155100107,4.172086239
mp-770719,0.878700018,4.172298908
mp-760457,4.591700077,4.172679424
mp-1176831,3.167999983,4.173081875
mp-774368,2.607599974,4.173649311
mp-556531,5.58589983,4.17493391
mp-778872,2.6098001,4.176057339
mp-12209,4.922599792,4.176863194
mp-1223606,3.617199898,4.177142143
mp-1178471,5.086299896,4.184514046
mp-542143,2.783499956,4.186366081
mp-505232,3.121599913,4.189508438
mp-683990,4.590499878,4.194434166
mp-760477,4.360199928,4.194579124
mp-1212149,5.501200199,4.195867062
mp-1227107,3.716300011,4.196259022
mp-778260,2.603100061,4.197919846
mp-1210464,4.158500195,4.198358536
mp-1211170,4.806099892,4.199193001
mp-778004,3.145999908,4.201319218
mp-772771,4.561999798,4.202848911
mp-777790,3.129499912,4.205183029
mp-6126,2.115600109,4.211762905
mp-1191459,4.497600079,4.213240623
mp-770209,0.147,4.215087891
mp-8873,4.522999763,4.217448235
mp-770725,0.497799993,4.218418121
mp-778844,3.065500021,4.223392487
mp-1176833,3.181699991,4.22592926
mp-4624,3.437299967,4.226094246
mp-779891,2.605600119,4.229152679
mp-780395,2.901000023,4.229682922
mp-779053,2.850500107,4.232778072
mp-1245270,4.479300022,4.232875824
mp-11709,5.46969986,4.235879421
mp-775830,3.146100044,4.23722744
mp-759926,2.952300072,4.238153934
mp-1147533,3.243000031,4.239858627
mp-1211233,4.771500111,4.244432449
mp-778083,3.17140007,4.245320797
mp-1222168,0.416299999,4.246715546
mp-755859,3.183500051,4.248839378
mp-4812,3.407799959,4.249707222
mp-6075,4.933899879,4.25089407
mp-1196921,3.809000015,4.251396656
mp-41109,3.634399891,4.255227089
mp-850743,3.100199938,4.255701542
mp-15359,2.854300022,4.257429123
mp-1192840,2.72149992,4.258072853
mp-760405,4.558899879,4.260380745
mp-766514,2.006000042,4.261955261
mp-780265,3.877500057,4.267532349
mp-18259,0.656400025,4.267730713
mp-775378,3.413899899,4.267961979
mp-777353,1.379899979,4.269470692
mp-1176839,3.149600029,4.272109985
mp-779023,0.485399991,4.274280548
mp-13335,3.343100071,4.275074005
mp-780938,3.144200087,4.276161671
mp-777438,3.105099916,4.276367188
mp-1176836,3.151299953,4.276387691
mp-775257,3.105900049,4.281159878
mp-684696,2.995800018,4.285652637
mp-755271,3.015899897,4.286166668
mp-780470,3.145299911,4.29233408
mp-1203872,0.51730001,4.294290543
mp-753902,3.161200047,4.298189163
mp-777637,3.396899939,4.298587322
mp-1178191,0.545099974,4.298952579
mp-17699,0.653900027,4.304364204
mp-779444,3.148000002,4.304510593
mp-1180492,0.219799995,4.304566383
mp-1208886,5.227399826,4.306298733
mp-1208709,5.584599972,4.306469917
mp-1177388,3.111799955,4.306906223
mp-756620,3.274199963,4.308994293
mp-778045,3.1256001,4.312437057
mp-752412,2.314899921,4.316521168
mp-1177332,3.241600037,4.325940132
mp-777583,3.095400095,4.328968048
mp-12183,5.341199875,4.331300735
mp-638598,2.384399891,4.334268093
mp-758885,0.479000002,4.334287643
mp-755639,3.159499884,4.337304115
mp-1224582,5.298900127,4.337600231
mp-752663,2.827899933,4.339803696
mp-779783,3.201100111,4.339875221
mp-778103,3.391000032,4.341788292
mp-768442,1.559800029,4.343866825
mp-778398,3.137399912,4.344685555
mp-17864,5.500999928,4.344737053
mp-770343,2.700900078,4.345714569
mp-31073,4.921899796,4.34579277
mp-12315,5.359499931,4.346943855
mp-766479,1.91079998,4.348257065
mp-755942,3.032399893,4.350177765
mp-754409,5.107299805,4.350305557
mp-766497,1.81219995,4.352727413
mp-777943,3.101099968,4.352907181
mp-1210705,0.270900011,4.35394001
mp-642313,4.159599781,4.354513645
mp-1211228,4.828100204,4.355623245
mp-1224633,0.316799998,4.356188774
mp-770833,1.270099998,4.359859467
mp-773603,2.093800068,4.361070633
mp-1227192,0.131400004,4.361724377
mp-1211286,4.788799763,4.362067699
mp-1209773,3.844000101,4.364467144
mp-780499,3.042399883,4.366280079
mp-776547,0.099399999,4.368282318
mp-849613,0.256000012,4.369689941
mp-6648,5.082699776,4.36973238
mp-850193,5.367000103,4.369924545
mp-16779,3.906599998,4.376051903
mp-555387,5.523700237,4.376404285
mp-766516,0.529699981,4.377779961
mp-755030,0.676100016,4.382373333
mp-849458,0.181799993,4.384160042
mp-849580,0.365799993,4.385239124
mp-776558,0.233899996,4.385577202
mp-1177334,3.14109993,4.387700081
mp-559348,4.114099979,4.388795853
mp-768552,1.543900013,4.390316486
mp-558669,4.68599987,4.394342422
mp-849585,0.112999998,4.395378113
mp-771303,2.111399889,4.395677567
mp-1208860,5.427499771,4.398036003
mp-755319,3.00819993,4.398195744
mp-29762,2.048300028,4.398779869
mp-11711,2.736099958,4.404015541
mp-6032,5.48759985,4.407382965
mp-755990,3.085799932,4.409407616
mp-849497,0.324000001,4.410307884
mp-768738,2.886800051,4.413793564
mp-752851,5.736999989,4.41382885
mp-1019529,4.435900211,4.413862705
mp-849616,0.110699996,4.414818764
mp-849567,0.111100003,4.416514874
mp-1199947,0.376199991,4.416616917
mp-777272,0.419699997,4.417344093
mp-19131,2.569299936,4.41759491
mp-1237269,1.845299959,4.417901039
mp-849568,0.282099992,4.418188095
mp-1182342,3.301100016,4.418727398
mp-542719,4.55670023,4.422198296
mp-1223494,3.78399992,4.433181763
mp-1176645,2.297899961,4.433272362
mp-777957,3.185499907,4.434241772
mp-849546,0.136700004,4.434284687
mp-777293,0.492900014,4.434904099
mp-753056,4.544700146,4.437673569
mp-1207606,2.349999905,4.439146996
mp-14556,4.470900059,4.439919472
mp-1214839,4.09250021,4.441052437
mp-15939,4.651199818,4.441713333
mp-782820,0.378500015,4.444619656
mp-772223,2.290800095,4.446932316
mp-557683,2.785900116,4.448535442
mp-777730,4.004700184,4.449958801
mp-1205119,0.386599988,4.450530529
mp-766489,1.389199972,4.450707436
mp-770722,0.838,4.451568604
mp-1220077,5.206500053,4.456315994
mp-775252,3.035399914,4.457080364
mp-779471,3.088900089,4.465202332
mp-777822,0.592599988,4.465350151
mp-777375,0.567700028,4.466276169
mp-777758,3.130899906,4.466444969
mp-756125,3.144599915,4.470963478
mp-780583,3.072999954,4.472187519
mp-557467,4.726500034,4.473965168
mp-558293,5.300899982,4.474221706
mp-23549,3.283900023,4.475345135
mp-754133,1.45449996,4.476717949
mp-770344,2.627899885,4.477360249
mp-1207649,2.335799932,4.477570534
mp-772986,2.819499969,4.478533268
mp-754744,2.581899881,4.48048687
mp-1181911,0.179000005,4.480606556
mp-1198145,5.451000214,4.480917454
mp-1020633,4.374100208,4.481255054
mp-1221286,1.817899942,4.482671261
mp-755800,3.061700106,4.493407726
mp-755710,3.101000071,4.495501518
mp-1176886,3.123399973,4.496881962
mp-764966,5.642700195,4.497468948
mp-776584,0.352999985,4.49962759
mp-1176891,3.049499989,4.500835419
mp-775949,3.465699911,4.501950264
mp-768410,0.747699976,4.502916813
mp-5560,1.454399943,4.50867033
mp-753413,3.804199934,4.508856773
mp-779362,3.115099907,4.511667728
mp-780510,0.292600006,4.515841961
mp-849746,0.558499992,4.517242432
mp-1200744,4.503799915,4.518321037
mp-776598,0.187099993,4.519138813
mp-6775,4.562699795,4.519455433
mp-556214,5.634500027,4.519704819
mp-1201387,0.718299985,4.519906044
mp-19185,2.033299923,4.521655083
mp-768812,3.036999941,4.525677681
mp-754863,3.127500057,4.525769234
mp-753318,4.515200138,4.52581501
mp-754048,0.200399995,4.52831316
mp-18979,2.332299948,4.528410435
mp-778477,3.037499905,4.529010296
mp-778883,3.162199974,4.529242516
mp-776581,0.225700006,4.530604362
mp-9870,2.672100067,4.535855293
mp-778403,0.388999999,4.536898136
mp-768474,2.155299902,4.537635326
mp-1210684,0.103799999,4.537940979
mp-1211241,4.376699924,4.540882111
mp-850410,0.665700018,4.544129372
mp-755129,3.02579999,4.544351101
mp-777570,3.150899887,4.544491768
mp-850907,0.398499995,4.544981003
mp-1204604,0.601899981,4.545953751
mp-781608,0.407099992,4.546127796
mp-1210669,4.839900017,4.546879292
mp-777405,0.523500025,4.54830122
mp-1212083,2.370699883,4.551816463
mp-768487,1.345999956,4.555341244
mp-560622,4.543399811,4.556153297
mp-559557,4.711500168,4.556587219
mp-667471,4.130300045,4.557163715
mp-777856,3.050800085,4.559363842
mp-1204954,1.884799957,4.559999466
mp-780334,0.381799996,4.560589314
mp-777467,0.448399991,4.561758995
mp-777232,2.701600075,4.561817646
mp-770213,0.622699976,4.563082218
mp-768542,2.844399929,4.563563347
mp-1019723,2.827199936,4.565666199
mp-19520,3.816499949,4.56572628
mp-781616,0.213799998,4.567289352
mp-849301,0.306199998,4.568900585
mp-777511,3.07949996,4.570026398
mp-1228556,0.363200009,4.571077347
mp-561157,4.442200184,4.574641705
mp-766507,1.148499966,4.574717045
mp-1212820,2.375799894,4.575671196
mp-766488,0.719399989,4.578773975
mp-6787,4.869599819,4.579316139
mp-1101655,2.793900013,4.581048965
mp-778762,0.341100007,4.586232185
mp-778174,3.039900064,4.587012291
mp-1020624,5.359000206,4.587303638
mp-1228057,3.484200001,4.588816643
mp-778585,0.186700001,4.58920145
mp-1197422,0.40110001,4.590047359
mp-780388,0.430299997,4.590236187
mp-1214604,0.157199994,4.590307236
mp-779335,0.153799996,4.590407848
mp-755256,3.312200069,4.593564987
mp-1245057,4.230999947,4.598270893
mp-759279,0.50999999,4.598978519
mp-774042,3.058199883,4.599691391
mp-16600,5.611199856,4.599851608
mp-777962,2.995500088,4.603178501
mp-768236,2.51699996,4.603225708
mp-754416,3.578799963,4.605086803
mp-782644,0.421999991,4.605243683
mp-560768,3.980000019,4.60571909
mp-15520,5.093999863,4.606212616
mp-780436,3.004899979,4.609729767
mp-561514,5.225599766,4.610342503
mp-771016,2.394999981,4.611898422
mp-558181,5.527400017,4.613532543
mp-556039,3.661099911,4.613819599
mp-775239,2.921999931,4.614098549
mp-781607,0.458999991,4.616231441
mp-777359,0.237900004,4.61975956
mp-18576,0.652499974,4.620082378
mp-774299,2.979000092,4.621804714
mp-1212174,2.358500004,4.625528336
mp-773605,1.396700025,4.62577343
mp-19136,2.365499973,4.626591682
mp-850921,0.243100002,4.627418995
mp-778827,0.533599973,4.627482414
mp-778302,3.3197999,4.62872839
mp-647281,5.379399776,4.630504608
mp-780389,0.316399992,4.631925106
mp-780137,0.704599977,4.633423328
mp-1020014,5.544700146,4.634141445
mp-1220241,2.192899942,4.636237621
mp-1020642,4.508900166,4.636771679
mp-780182,0.319400012,4.639195919
mp-851076,0.223100007,4.639873981
mp-1180708,4.684100151,4.641001225
mp-776982,0.4278,4.641161442
mp-780663,0.483599991,4.641757011
mp-849514,0.143099993,4.642969608
mp-780123,0.235400006,4.643037796
mp-768923,3.355999947,4.643320084
mp-6535,5.134200096,4.645474911
mp-1185531,4.454599857,4.645560265
mp-771269,0.9296,4.646183491
mp-1193777,0.275000006,4.646940708
mp-1201213,4.539899826,4.648015976
mp-779765,2.985100031,4.648291111
mp-1216150,2.220200062,4.648514748
mp-777765,3.075200081,4.648765564
mp-766499,0.622900009,4.649318695
mp-780292,3.006599903,4.649888992
mp-1182573,0.517199993,4.650834084
mp-780112,0.4278,4.651233196
mp-849990,0.315100014,4.651468277
mp-780665,0.540099978,4.655179024
mp-779341,0.355399996,4.656328678
mp-556740,5.502299786,4.658447266
mp-849239,0.628899992,4.658712387
mp-754552,0.701499999,4.659285069
mp-555385,2.977099895,4.662045956
mp-1211700,3.367199898,4.66217804
mp-1176667,0.123599999,4.662325859
mp-770346,2.037199974,4.662753105
mp-1199045,2.300800085,4.66310358
mp-780320,0.527899981,4.664030552
mp-1020647,4.719799995,4.66612339
mp-780668,0.552900016,4.669299126
mp-1196563,2.340399981,4.669360161
mp-780156,0.724099994,4.670794964
mp-782642,0.477899998,4.671162605
mp-778680,0.577199996,4.671899319
mp-556250,5.145899773,4.674740314
mp-1200013,3.786499977,4.675363064
mp-850920,0.284000009,4.676915646
mp-560751,2.261199951,4.678135872
mp-849588,0.418799996,4.679981232
mp-781682,0.178399995,4.680891514
mp-867937,0.240600005,4.681702137
mp-776994,0.209700003,4.682072163
mp-776634,0.278200001,4.683018208
mp-780407,0.538600028,4.68309164
mp-12295,4.156300068,4.683890343
mp-657344,4.683599949,4.685676098
mp-1019889,5.323500156,4.686231136
mp-8376,6.008399963,4.686433315
mp-755967,3.041300058,4.687347889
mp-759933,2.38499999,4.687764645
mp-776450,0.278899997,4.691435337
mp-754734,0.237200007,4.691935062
mp-776587,0.263799995,4.693080425
mp-779066,2.971299887,4.693933964
mp-850784,0.349299997,4.69608736
mp-1176840,2.942199945,4.696675301
mp-694012,4.442200184,4.700064182
mp-756059,0.330799997,4.700649261
mp-778382,2.996700048,4.701811314
mp-778866,2.996999979,4.702440739
mp-781079,0.298200011,4.704426289
mp-754680,2.960299969,4.70482254
mp-1203343,0.329699993,4.706908703
mp-777852,3.030900002,4.710477829
mp-1019518,4.876699924,4.716082096
mp-850958,2.950900078,4.717023849
mp-1222235,3.64289999,4.717764378
mp-768436,0.90990001,4.720310688
mp-556826,5.456799984,4.720985889
mp-1200311,0.104199998,4.721074581
mp-759375,0.717299998,4.724840164
mp-777961,2.735100031,4.725117207
mp-1182309,1.789600015,4.725541592
mp-561055,5.69990015,4.726110935
mp-781603,3.032900095,4.726293564
mp-7337,5.317299843,4.727671146
mp-559138,3.626499891,4.727898598
mp-781623,0.106700003,4.728108406
mp-774377,3.012000084,4.731972694
mp-755626,2.967099905,4.733090878
mp-1182361,0.789699972,4.733924866
mp-640740,4.961200237,4.734379768
mp-778856,0.479499996,4.73622036
mp-781594,0.182500005,4.736374378
mp-781619,0.42899999,4.737828255
mp-775226,0.565400004,4.7391119
mp-781610,0.112000003,4.739195824
mp-743608,1.383700013,4.740605354
mp-780571,0.395099998,4.741444111
mp-766490,0.850499988,4.744659901
mp-849243,0.172800004,4.746278763
mp-780460,0.429100007,4.747741699
mp-756091,2.524300098,4.749215603
mp-559574,3.418400049,4.750699043
mp-850794,0.247700006,4.750996113
mp-778867,0.2852,4.751398563
mp-772970,1.127699971,4.751913548
mp-780509,0.135900006,4.75215435
mp-1199109,0.137799993,4.754318237
mp-781497,0.3574,4.756425858
mp-778265,2.970000029,4.756476879
mp-778495,2.973999977,4.756882191
mp-780500,0.255100012,4.756926537
mp-777385,0.534799993,4.758955002
mp-754562,2.962300062,4.759370804
mp-849488,0.289900005,4.760029793
mp-778007,3.023999929,4.761166096
mp-561018,3.723200083,4.762006283
mp-777301,0.280999988,4.764497757
mp-777271,0.398499995,4.765781879
mp-752713,5.441400051,4.766740322
mp-779789,2.900000095,4.76862669
mp-777429,2.88470006,4.769796848
mp-756752,1.973099947,4.769834518
mp-1204932,0.131300002,4.769881725
mp-775182,0.3759,4.770546436
mp-780180,0.2456,4.77126503
mp-779475,0.207200006,4.772404194
mp-850980,0.148100004,4.772753716
mp-756914,5.66989994,4.773069859
mp-781502,0.112099998,4.775109291
mp-1177397,2.992000103,4.776664257
mp-777998,2.96600008,4.783367157
mp-557935,0.86619997,4.785202503
mp-779520,2.901000023,4.785422325
mp-1019719,5.258900166,4.786137581
mp-1197321,0.881399989,4.786665916
mp-777746,3.009399891,4.789284706
mp-768301,5.644499779,4.789542198
mp-781598,0.177900001,4.790162563
mp-779313,0.384900004,4.790341377
mp-1222184,3.59100008,4.791400433
mp-850950,0.156800002,4.792634487
mp-1190588,4.33739996,4.792705536
mp-557104,5.411200047,4.793238163
mp-777788,2.979099989,4.794001579
mp-780298,2.977699995,4.794270039
mp-780308,0.424299985,4.798368931
mp-849269,0.328000009,4.798424721
mp-18495,5.648200035,4.798530579
mp-778297,2.981100082,4.798845291
mp-13514,5.060900211,4.801115036
mp-553926,5.797399998,4.80262661
mp-774189,2.97420001,4.803454399
mp-1222376,3.512500048,4.803611755
mp-779074,2.896399975,4.803883076
mp-776580,0.440100014,4.808027744
mp-755745,0.990499973,4.808720589
mp-1204495,4.605400085,4.809792519
mp-561536,3.585200071,4.810774326
mp-777727,2.974699974,4.811507702
mp-1182442,2.028399944,4.813769817
mp-779303,0.190099999,4.815536976
mp-782643,0.444000006,4.816926956
mp-775268,2.960000038,4.817258358
mp-557855,3.960400105,4.817819118
mp-17941,4.618000031,4.818191528
mp-850881,0.726899981,4.818358421
mp-759667,3.207499981,4.819149971
mp-770756,3.512500048,4.821434021
mp-763194,0.495000005,4.821992874
mp-768177,1.895400047,4.822333336
mp-779028,0.229499996,4.822823524
mp-850226,2.905699968,4.823003769
mp-780102,0.0973,4.826832294
mp-777792,2.98210001,4.837692738
mp-778832,0.480800003,4.837707043
mp-777768,2.905299902,4.838922024
mp-1177369,2.954900026,4.84074831
mp-1202393,0.414700001,4.841048717
mp-1019787,4.233200073,4.841501236
mp-778721,2.974499941,4.841687679
mp-850971,2.926199913,4.843811512
mp-21667,0.137400001,4.845098495
mp-780282,2.730200052,4.845829964
mp-1191513,3.632499933,4.845914841
mp-755783,2.903399944,4.846690178
mp-1210255,3.969099998,4.847547054
mp-1224628,2.650700092,4.848961353
mp-772919,5.686900139,4.850084305
mp-777404,0.413100004,4.850252151
mp-777649,2.902800083,4.851509094
mp-561814,5.940400124,4.852806091
mp-1019968,4.713600159,4.853143215
mp-554184,0.866699994,4.853499889
mp-780693,0.212699994,4.854227066
mp-1203805,2.946500063,4.856231213
mp-768429,1.431200027,4.857985973
mp-777729,2.96449995,4.858306885
mp-1194043,5.639200211,4.861489296
mp-10792,5.010700226,4.862326145
mp-695449,1.629400015,4.862332344
mp-778135,2.896399975,4.864832878
mp-1019721,3.149600029,4.868883133
mp-768871,1.203299999,4.871604919
mp-19097,1.708500028,4.873209
mp-776779,2.070300102,4.873397827
mp-778813,0.293300003,4.877808571
mp-780136,0.154899999,4.878136635
mp-778272,2.897399902,4.879015446
mp-704915,3.765300035,4.881300449
mp-559436,4.010399818,4.882555008
mp-781628,0.563199997,4.883583546
mp-778115,2.564599991,4.883928776
mp-778857,0.159299999,4.886080742
mp-850959,0.164700001,4.887073994
mp-777795,2.886699915,4.890976429
mp-779296,0.44780001,4.893963337
mp-781955,0.183699995,4.89568758
mp-752566,3.972100019,4.89960289
mp-1020707,4.084400177,4.899803162
mp-777357,2.897700071,4.902647972
mp-1019526,5.399300098,4.907865047
mp-1197240,4.046000004,4.909238815
mp-779060,0.2685,4.90971756
mp-770749,2.885900021,4.910699368
mp-778205,2.885200024,4.912632942
mp-1195844,5.310500145,4.913448334
mp-1196854,0.102700002,4.913645267
mp-581194,5.941699982,4.914016247
mp-768736,2.895200014,4.916238785
mp-779356,0.28580001,4.922751427
mp-15362,4.740399837,4.925897598
mp-778031,2.747600079,4.929721832
mp-849500,3.0704,4.934272289
mp-1226151,4.624400139,4.934380531
mp-755835,3.265000105,4.934759617
mp-768961,5.260399818,4.937829494
mp-556463,3.498100042,4.937952518
mp-1245185,4.176499844,4.942049503
mp-1181183,0.568099976,4.943497181
mp-768809,3.235399961,4.946474552
mp-780393,5.047200203,4.950943947
mp-778397,3.04640007,4.951526165
mp-557420,4.869699955,4.952891827
mp-1211764,2.690000057,4.953550816
mp-10791,5.131499767,4.957580566
mp-1019777,4.202700138,4.957847595
mp-1194301,0.513300002,4.959868431
mp-1019611,5.624300003,4.961063385
mp-761322,3.121400118,4.967811584
mp-556343,3.846400023,4.969295025
mp-18108,5.455500126,4.96978426
mp-1019569,2.886699915,4.971361637
mp-754873,2.0473001,4.977394581
mp-1198385,4.145100117,4.981253624
mp-17025,4.41779995,4.989048004
mp-770286,1.738700032,4.992585182
mp-557177,5.631700039,4.997901917
mp-22252,2.283600092,4.999145031
mp-558358,5.819399834,5.000103474
mp-1214903,3.471800089,5.002548218
mp-557423,5.148099899,5.005760193
mp-1020896,3.854599953,5.009000301
mp-782654,0.159899995,5.009363174
mp-753767,2.846899986,5.011239529
mp-27657,5.638999939,5.014304638
mp-1204849,0.139400005,5.017233372
mp-1216259,5.016799927,5.023607731
mp-554947,5.413899899,5.025690556
mp-560019,3.85649991,5.026068211
mp-18936,2.32249999,5.026696205
mp-3635,5.225999832,5.035069466
mp-754059,1.302800059,5.035850048
mp-560818,4.174799919,5.040872574
mp-30926,4.489600182,5.043745041
mp-768711,2.066099882,5.047930717
mp-560550,3.351399899,5.049590111
mp-559759,4.696100235,5.055414677
mp-558680,4.269999981,5.055818081
mp-1078259,3.860300064,5.058948517
mp-770630,2.015300035,5.061215878
mp-776600,2.015700102,5.069141388
mp-1197530,1.073799968,5.069572926
mp-1020725,4.684899807,5.070331097
mp-555447,4.908800125,5.073274612
mp-771080,1.204900026,5.078701973
mp-1204785,3.815500021,5.082246304
mp-14386,3.862299919,5.08339119
mp-1249529,4.496399879,5.086502552
mp-1214238,0.182300001,5.086713314
mp-768345,3.841300011,5.091684818
mp-758855,3.392499924,5.093130112
mp-770921,1.04369998,5.104279995
mp-1195688,3.375099897,5.105371475
mp-771263,1.601699948,5.106813908
mp-768292,2.330899954,5.107133865
mp-556548,3.970499992,5.107972622
mp-18990,3.983400106,5.116019726
mp-1195407,6.052299976,5.128227234
mp-8000,3.61590004,5.129973412
mp-1198121,0.348699987,5.137447357
mp-17714,5.533400059,5.139466763
mp-29756,5.211800098,5.139821529
mp-1200330,4.613900185,5.141818523
mp-1200657,0.552600026,5.150205612
mp-768488,4.005199909,5.150560856
mp-1203325,4.58010006,5.150972366
mp-561253,5.251399994,5.151708126
mp-1195000,3.507400036,5.152008533
mp-771018,0.61589998,5.153065205
mp-1222009,3.487799883,5.16350174
mp-9309,3.402699947,5.164677143
mp-3889,4.10739994,5.165738583
mp-3615,5.422699928,5.168401718
mp-768731,2.146399975,5.169018269
mp-1180602,0.134399995,5.174025536
mp-1222241,2.292000055,5.17508316
mp-683867,5.508900166,5.176948071
mp-13680,5.886799812,5.178140163
mp-772628,2.2651999,5.179210663
mp-17672,5.783199787,5.183172226
mp-779608,3.106899977,5.188900471
mp-16432,4.393799782,5.189476013
mp-773526,2.716200113,5.191845894
mp-1077866,3.742000103,5.202595711
mp-542931,4.386099815,5.202868938
mp-4779,5.668000221,5.203390121
mp-779307,2.513299942,5.204987049
mp-771174,3.809099913,5.20511198
mp-1200446,1.065600038,5.209409237
mp-645338,5.324500084,5.216145992
mp-698605,1.273599982,5.223935604
mp-772497,5.58409977,5.224467754
mp-966802,4.534800053,5.225066185
mp-623787,4.786699772,5.229154587
mp-554259,3.003000021,5.229403019
mp-1181688,4.65530014,5.231534958
mp-1196136,3.191600084,5.233191013
mp-18401,2.555999994,5.233999729
mp-768797,3.268599987,5.240978718
mp-1194165,4.157299995,5.241400242
mp-14854,3.766000032,5.24162817
mp-1020142,5.422399998,5.245889664
mp-19299,2.308900118,5.246944427
mp-771081,4.090300083,5.247984886
mp-1020611,3.8131001,5.248188496
mp-1199892,4.576900005,5.250557423
mp-558804,4.598100185,5.255594254
mp-1209670,5.937699795,5.257277489
mp-1019527,4.519599915,5.257662773
mp-1020620,4.358799934,5.260941982
mp-1223465,5.210800171,5.261042118
mp-768771,3.380800009,5.270778656
mp-1221965,3.371099949,5.273220062
mp-1019716,4.490200043,5.273468971
mp-645962,4.173699856,5.277023315
mp-559642,4.862800121,5.277231216
mp-558890,5.672299862,5.279258728
mp-768509,2.185199976,5.279520512
mp-1197323,4.889900208,5.281801701
mp-1245212,4.430099964,5.285679817
mp-557107,3.378400087,5.287835121
mp-30127,4.482900143,5.288022995
mp-1020637,4.79460001,5.293204784
mp-1202231,0.197400004,5.300342083
mp-31013,2.244899988,5.303264618
mp-1226455,4.14989996,5.305720329
mp-1199954,4.45510006,5.310378075
mp-684018,5.574500084,5.311058998
mp-559571,3.779700041,5.31119585
mp-560010,3.674599886,5.316336632
mp-559617,4.41230011,5.316844463
mp-1210623,3.109600067,5.31886673
mp-554003,4.1875,5.319888592
mp-554346,4.172999859,5.321722507
mp-1183402,5.849299908,5.332767963
mp-772630,2.825700045,5.333716869
mp-554996,5.353700161,5.33659935
mp-1020632,5.629399776,5.340118408
mp-768636,1.73179996,5.340999126
mp-554315,5.691500187,5.344769001
mp-8110,5.830900192,5.354471684
mp-773206,1.032500029,5.356806755
mp-14398,3.703299999,5.35695982
mp-559636,5.225299835,5.358615875
mp-768795,3.273400068,5.365735531
mp-558628,3.9993999,5.371062279
mp-556936,4.041500092,5.37244606
mp-770876,1.171399951,5.374729633
mp-31408,5.812300205,5.380283833
mp-556799,3.430799961,5.38741684
mp-768969,0.415100008,5.392142773
mp-559330,5.206299782,5.393755913
mp-1020650,4.41989994,5.398626328
mp-15519,5.038700104,5.40018177
mp-768765,3.149600029,5.405217648
mp-1204314,2.583600044,5.408920288
mp-17166,4.819900036,5.414489269
mp-752712,2.03670001,5.421206474
mp-1214611,5.061500072,5.426882267
mp-556156,1.905900002,5.43735218
mp-1195894,3.753900051,5.440977573
mp-766466,1.408200026,5.442799568
mp-1192295,4.873300076,5.446717262
mp-5401,4.282999992,5.446877003
mp-866313,3.484499931,5.455163479
mp-6097,4.828400135,5.456149101
mp-1203138,4.019000053,5.458656788
mp-11659,2.388799906,5.461123943
mp-558534,5.392199993,5.466504574
mp-11772,2.13470006,5.46769762
mp-540996,3.995599985,5.467913151
mp-768820,3.460400105,5.473693371
mp-27692,5.15929985,5.47976017
mp-694911,3.871099949,5.482378483
mp-1227225,3.093199968,5.486325741
mp-7027,2.655200005,5.48895216
mp-10509,4.969500065,5.489821911
mp-6446,4.012700081,5.496832371
mp-755970,1.50880003,5.520820618
mp-1079609,4.075600147,5.533873558
mp-561525,3.799900055,5.536485672
mp-647283,5.607299805,5.540142536
mp-559434,5.275700092,5.54173708
mp-1019522,5.673399925,5.549030304
mp-760261,3.078000069,5.554613113
mp-1019710,5.952799797,5.554875374
mp-558105,6.455599785,5.554935455
mp-771078,0.467000008,5.555296421
mp-1182298,3.82249999,5.564358711
mp-3977,5.305300236,5.566477776
mp-8109,2.036499977,5.569862366
mp-695475,3.996099949,5.571112633
mp-760269,2.084800005,5.572435379
mp-16980,4.594500065,5.575752735
mp-1213769,3.05979991,5.578891277
mp-770906,1.343899965,5.582640171
mp-1197163,4.193600178,5.589189529
mp-1200805,5.021999836,5.592580318
mp-5005,5.143000126,5.597491741
mp-1224948,2.630599976,5.600604057
mp-1196090,5.756899834,5.603140831
mp-756912,2.971999884,5.605707169
mp-13960,4.477399826,5.607272148
mp-868019,0.307300001,5.616157055
mp-18043,4.490300179,5.621615887
mp-779250,2.221699953,5.622355461
mp-770825,2.567699909,5.625425816
mp-779312,0.650099993,5.636259079
mp-558753,4.196400166,5.637282372
mp-1020664,4.424499989,5.638852596
mp-1020670,5.176799774,5.645317554
mp-22213,2.5552001,5.64619875
mp-560772,5.134300232,5.646811485
mp-559066,5.190700054,5.648718357
mp-771158,3.986099958,5.6533494
mp-768776,3.59920001,5.656447411
mp-6585,5.312099934,5.663832188
mp-553925,5.285099983,5.664807796
mp-1211659,3.280400038,5.66733408
mp-1214548,5.149099827,5.669971466
mp-27794,5.545100212,5.6772995
mp-1200141,4.319300175,5.684752464
mp-1222283,4.554299831,5.69133234
mp-645340,5.255000114,5.691871643
mp-759917,0.673699975,5.692999363
mp-556046,3.976399899,5.696871281
mp-1182538,4.362500191,5.706912518
mp-560026,5.119299889,5.722691059
mp-7995,4.451099873,5.730099201
mp-1200404,0.158099994,5.733798027
mp-1197459,5.358300209,5.746856689
mp-5990,5.078000069,5.750386238
mp-8874,6.420800209,5.753940105
mp-560278,5.350999832,5.757910728
mp-1197708,5.281899929,5.760469437
mp-1202742,5.182300091,5.767199516
mp-6249,4.571199894,5.768155098
mp-770345,2.024399996,5.773684502
mp-14234,5.743299961,5.782877922
mp-1019592,0.158299997,5.783427238
mp-9749,4.945600033,5.784257889
mp-18256,5.153699875,5.78502512
mp-1200569,3.716099977,5.785051346
mp-6076,4.306799889,5.790327072
mp-23349,3.838399887,5.800219536
mp-1213931,0.1373,5.802526951
mp-1198701,0.670700014,5.807665348
mp-1200475,0.234099999,5.807760715
mp-1202527,0.174600005,5.811170578
mp-1213894,4.304299831,5.813940048
mp-556330,3.798599958,5.816633701
mp-1227719,2.205600023,5.819221497
mp-8878,6.378099918,5.820020676
mp-1208392,6.065899849,5.824108601
mp-5547,5.07859993,5.824463367
mp-755417,4.169799805,5.826247215
mp-561154,4.198800087,5.836206913
mp-1196433,5.493100166,5.836709976
mp-1228994,3.878999949,5.837096214
mp-686042,1.863399982,5.842670918
mp-648384,4.283899784,5.846421719
mp-1199225,0.341800004,5.846613407
mp-1214584,5.066800117,5.848462582
mp-1020643,4.175000191,5.854114056
mp-11112,4.986599922,5.854462624
mp-1200687,0.107600003,5.861226559
mp-557689,4.822800159,5.868099213
mp-1214653,3.712100029,5.883178234
mp-1019715,5.084599972,5.892838478
mp-1019381,4.615699768,5.903082848
mp-13541,4.579699993,5.908924103
mp-1198065,4.178500175,5.913943291
mp-1019892,4.386499882,5.916244984
mp-1019786,4.25180006,5.925942421
mp-1198383,0.102200001,5.93689537
mp-1207603,4.395899773,5.975001335
mp-16828,5.604599953,5.977656841
mp-1019602,4.245999813,5.983865738
mp-768798,3.35619998,5.988154888
mp-11715,3.600199938,5.994107723
mp-1245025,4.099699974,5.99993515
mp-556002,0.748300016,6.01275301
mp-1191302,0.955299973,6.020322323
mp-8891,3.399100065,6.023793221
mp-770926,2.077899933,6.023829937
mp-7238,4.705999851,6.024472237
mp-774624,0.2359,6.027364254
mp-554344,4.584300041,6.035090923
mp-557758,4.744599819,6.05200386
mp-779068,1.45480001,6.053137302
mp-10510,6.044300079,6.06858778
mp-558491,6.069399834,6.071588993
mp-1195542,4.252600193,6.073584557
mp-1019615,4.521699905,6.091991425
mp-1211631,3.204200029,6.09555769
mp-1208862,6.00579977,6.096434116
mp-1214020,4.441599846,6.120774269
mp-1197506,6.01210022,6.12432766
mp-557012,4.549399853,6.12472868
mp-1194942,5.262300014,6.124934196
mp-770194,0.213,6.139264107
mp-18677,4.375800133,6.140908241
mp-1214634,5.160900116,6.144216537
mp-1208326,4.386000156,6.148171425
mp-770903,1.245700002,6.151161194
mp-1176797,1.338799953,6.156287193
mp-556206,4.387800217,6.169649124
mp-1225032,3.208699942,6.175773144
mp-1214609,5.241099834,6.179856777
mp-1020654,5.678299904,6.182088852
mp-555023,4.589700222,6.187636852
mp-560870,3.986799955,6.201589108
mp-1020740,5.390900135,6.201643944
mp-768849,1.858999968,6.208837032
mp-6943,3.275700092,6.215955734
mp-1197137,4.52519989,6.223997116
mp-779306,2.190399885,6.22411871
mp-1214718,5.197199821,6.225008965
mp-1214639,5.175700188,6.228131771
mp-768418,1.418799996,6.231760979
mp-768788,3.943399906,6.244212151
mp-556530,3.885099888,6.251565933
mp-558981,5.345600128,6.255031586
mp-1202821,5.39620018,6.256623745
mp-6388,4.39139986,6.258799553
mp-556905,3.0151999,6.268769264
mp-1212835,4.390699863,6.293015003
mp-559284,4.178800106,6.293160915
mp-1215941,4.564199924,6.294515133
mp-770910,1.321099997,6.294723511
mp-555070,5.599599838,6.324186802
mp-1193627,5.096600056,6.324307442
mp-16737,4.713500023,6.324874878
mp-1214606,5.085499763,6.327423573
mp-531006,3.124200106,6.331730366
mp-556038,4.72510004,6.332525253
mp-770880,1.240200043,6.337066174
mp-3261,5.56099987,6.343857288
mp-3417,5.192500114,6.382426262
mp-13252,3.575200081,6.386360168
mp-777851,2.937200069,6.410723686
mp-768521,1.98300004,6.416145325
mp-8796,4.62869978,6.431742668
mp-6217,4.234200001,6.435141563
mp-30975,2.947400093,6.44513464
mp-5730,4.785200119,6.445667744
mp-1195691,2.986799955,6.447565079
mp-1212987,6.088300228,6.465594769
mp-1214008,4.364699841,6.498485565
mp-17562,4.627099991,6.502025604
mp-1019607,4.357800007,6.513366699
mp-1019528,5.211900234,6.518703461
mp-1203590,0.1074,6.518948078
mp-557384,2.222500086,6.522380829
mp-554815,4.23059988,6.533821583
mp-768966,5.352399826,6.534811974
mp-1189809,0.592800021,6.536576748
mp-680713,5.613900185,6.538861752
mp-3660,6.353199959,6.541004181
mp-555093,0.181199998,6.543189049
mp-680718,5.668000221,6.544316769
mp-540659,4.524099827,6.551231384
mp-555610,0.253800005,6.556045532
mp-1200209,6.268700123,6.565610886
mp-555495,3.181400061,6.575208664
mp-3919,4.130099773,6.582410336
mp-1210080,5.961100101,6.625542164
mp-680717,5.759300232,6.62637043
mp-1020634,4.695099831,6.638876915
mp-558690,5.399400234,6.650654316
mp-756530,2.075900078,6.661624432
mp-1213132,6.148700237,6.668559551
mp-21563,4.298500061,6.683307171
mp-1228622,3.759799957,6.687792301
mp-1019809,4.948900223,6.700636864
mp-1195057,4.118299961,6.701503277
mp-1214050,4.425700188,6.709668636
mp-1212152,6.130400181,6.716520309
mp-14385,3.843600035,6.718093872
mp-8271,4.953199863,6.720434189
mp-607931,3.453999996,6.720458031
mp-3974,3.759399891,6.730190277
mp-556498,4.079999924,6.733721256
mp-560217,4.59499979,6.747375011
mp-558688,3.345200062,6.748236656
mp-1191380,3.915499926,6.776260853
mp-1193116,5.535900116,6.795363903
mp-1212375,2.636300087,6.803492069
mp-1198049,4.57859993,6.817211151
mp-6632,4.235599995,6.829517365
mp-1194993,4.476399899,6.831009865
mp-768747,2.388700008,6.831988811
mp-1223739,4.577899933,6.839121342
mp-3859,4.739099979,6.866577148
mp-31358,3.928900003,6.877709866
mp-1208640,4.378399849,6.887088299
mp-770904,1.434100032,6.88826704
mp-3281,4.936100006,6.921809673
mp-16097,0.224900007,6.965762138
mp-1211541,4.638000011,6.970126152
mp-1194365,4.458399773,6.983804226
mp-1019808,4.832900047,6.989617825
mp-6310,3.815399885,6.995788097
mp-16699,3.080800056,7.000090599
mp-1214885,3.853300095,7.000867367
mp-768875,4.424900055,7.003849983
mp-10348,4.108099937,7.007104874
mp-1020621,4.863999844,7.011183262
mp-561187,4.34250021,7.016659737
mp-1223571,2.149300098,7.022293568
mp-1192032,4.847300053,7.034593105
mp-14384,3.822099924,7.082139015
mp-1214848,3.845400095,7.090277195
mp-3575,4.822599888,7.108198166
mp-1019559,4.691400051,7.179050922
mp-1019560,4.708600044,7.185913086
mp-1020144,4.983300209,7.187262535
mp-557994,5.283100128,7.19994545
mp-556655,4.863999844,7.202288151
mp-768887,5.247000217,7.224859238
mp-14704,4.739900112,7.24055481
mp-27564,3.684600115,7.256644249
mp-1229075,4.783400059,7.30392313
mp-1216586,4.535200119,7.315613747
mp-9259,4.542699814,7.320407867
mp-760283,3.117000103,7.328619957
mp-770280,4.150800228,7.350937843
mp-12160,4.744900227,7.407413483
mp-1222860,3.567500114,7.407708645
mp-557632,3.623399973,7.442875862
mp-1225475,4.557099819,7.461406708
mp-557663,5.026299953,7.469861031
mp-1194338,6.29460001,7.5101614
mp-554718,3.852999926,7.51523304
mp-557351,3.432600021,7.531869888
mp-1223873,4.57460022,7.540287018
mp-772526,1.2227,7.551142216
mp-1211340,4.797399998,7.561915398
mp-768890,4.781199932,7.565608978
mp-1084760,0.413700014,7.56752491
mp-1196457,6.568699837,7.592760563
mp-778748,3.069400072,7.633122444
mp-6575,3.98390007,7.642386436
mp-1247751,5.579299927,7.663271904
mp-556123,4.343999863,7.692045689
mp-306,6.306300163,7.741560459
mp-866613,4.507900238,7.770001411
mp-1211468,4.760000229,7.777842045
mp-755346,5.184899807,7.834731102
mp-770782,2.47059989,7.892714024
mp-1217508,4.124300003,7.917630672
mp-8263,2.803999901,7.917798996
mp-1020026,6.087200165,7.934384346
mp-1019542,4.467299938,7.943123817
mp-768967,5.39470005,7.948606014
mp-1020024,4.895800114,7.970894814
mp-12022,1.798099995,7.975902557
mp-556974,6.46600008,7.981704712
mp-772525,2.052400112,7.985729218
mp-11000,6.322599888,8.013598442
mp-752484,7.001399994,8.073047638
mp-768960,5.398099899,8.143526077
mp-556393,5.169799805,8.15090847
mp-772644,2.342099905,8.160985947
mp-1105618,5.992800236,8.188099861
mp-1195055,4.362400055,8.203357697
mp-7323,5.959799767,8.220346451
mp-549737,4.09100008,8.226697922
mp-6870,6.0552001,8.253493309
mp-555082,3.497499943,8.300548553
mp-14972,3.47420001,8.497179985
mp-1019718,5.419499874,8.544874191
mp-768921,5.512300014,8.810085297
mp-556865,5.941899776,8.829657555
mp-1192983,1.315799952,8.871666908
mp-553342,6.003799915,8.922801018
mp-5540,7.117000103,8.969209671
mp-561725,3.848599911,9.028486252
mp-558455,3.825999975,9.112111092
mp-27275,5.146999836,9.183717728
mp-554023,6.355999947,9.21277523
mp-8697,4.134799957,9.238365173
mp-1020025,6.14139986,9.370582581
mp-560189,3.949500084,9.578199387
mp-1019608,2.468899965,9.600984573
mp-768884,4.958300114,9.725301743
mp-8872,2.932199955,9.89540863
